Trolley_ID,Trolley_Latitude,Trolley_Longitude
1,1.340327,103.703448
2,1.341739,103.706272
3,1.338802,103.704454
4,1.340130,103.704323
5,1.338687,103.702578
6,1.341717,103.704762
7,1.341867,103.707087
8,1.342670,103.705660